bioguide_id,speaker_name,party,state,chamber,first_congress,last_congress,speech_count
M001200,A. Donald McEachin,D,VA,E,115,117,57
F000465,A. Drew Ferguson IV,R,GA,H,115,118,45
A000014,"ABERCROMBIE, NEIL",D,HI,H,107,111,566
A000022,"ACKERMAN, GARY",D,NY,H,107,112,470
A000366,"ADAMS, SANDY",R,FL,H,112,112,52
A000364,"ADLER, JOHN",D,NJ,H,111,111,26
A000069,"AKAKA, DANIEL",D,HI,S,107,112,1239
A000358,"AKIN, W.",R,MO,H,107,112,1644
A000361,"ALEXANDER, RODNEY",R,LA,H,108,112,40
A000109,"ALLARD, WAYNE",R,CO,S,107,110,1445
A000121,"ALLEN, GEORGE",R,VA,S,107,109,772
A000357,"ALLEN, THOMAS",D,ME,H,107,110,328
A000362,"ALTMIRE, JASON",D,PA,H,110,112,568
A000210,"ANDREWS, ROBERT",D,NJ,H,107,113,1524
A000363,"ARCURI, MICHAEL",D,NY,H,110,111,650
A000217,"ARMEY, RICHARD",R,TX,H,107,107,702
A000373,"ASHFORD, BRAD",D,NE,H,114,114,45
A000365,"AUSTRIA, STEVE",R,OH,H,111,112,49
A000368,"AYOTTE, KELLY",R,NH,S,112,114,459
B001314,Aaron Bean,R,FL,H,118,119,80
F000467,Abby Finkenauer,D,IA,H,116,116,4
S001209,Abigail Davis Spanberger,D,VA,H,116,118,87
H001098,Abraham J. Hamadeh,R,AZ,E,119,119,2
S001150,Adam B. Schiff,D,CA,S,107,119,960
G000605,Adam Gray,D,CA,E,119,119,4
K000378,Adam Kinzinger,R,IL,E,112,117,170
S000510,Adam Smith,D,WA,H,107,119,855
M001240,Addison P. McDowell,R,NC,H,119,119,9
G000606,Adelita S. Grijalva,D,AZ,H,119,119,3
S001172,Adrian Smith,R,NE,H,110,119,315
E000297,Adriano Espaillat,D,NY,H,115,119,176
F000457,Al Franken,D,MN,S,111,115,522
G000553,Al Green,D,TX,H,109,119,909
L000586,"Al Lawson, Jr.",D,FL,E,115,117,19
L000579,Alan S. Lowenthal,D,CA,E,113,117,288
S001165,Albio Sires,D,NJ,H,109,117,303
H000324,Alcee L. Hastings,D,FL,E,107,117,3017
P000145,Alex Padilla,D,CA,S,117,119,154
M001195,Alexander X. Mooney,R,WV,H,114,118,111
O000172,Alexandria Ocasio-Cortez,D,NY,H,116,119,26
A000370,Alma S. Adams,D,NC,H,113,119,148
B001287,Ami Bera,D,CA,H,113,119,144
K000367,Amy Klobuchar,D,MN,S,110,119,1153
S001226,Andrea Salinas,D,OR,H,118,119,51
O000175,Andrew Ogles,R,TN,H,118,118,17
G000597,Andrew R. Garbarino,R,NY,E,117,119,17
C001116,Andrew S. Clyde,R,GA,H,117,119,57
C001072,André Carson,D,IN,E,115,119,78
B001282,Andy Barr,R,KY,H,113,119,247
B001302,Andy Biggs,R,AZ,H,115,119,102
H001052,Andy Harris,R,MD,H,112,119,195
K000394,Andy Kim,D,NJ,S,116,119,45
L000592,Andy Levin,D,MI,H,116,117,50
A000382,Angela D. Alsobrooks,D,MD,S,119,119,6
C001119,Angie Craig,D,MN,H,116,119,70
K000383,"Angus S. King, Jr.",I,ME,S,113,119,286
K000368,Ann Kirkpatrick,D,AZ,E,111,117,190
K000382,Ann M. Kuster,D,NH,H,113,118,218
W000812,Ann Wagner,R,MO,E,113,119,198
E000215,Anna G. Eshoo,D,CA,H,107,118,610
L000596,Anna Paulina Luna,R,FL,H,118,119,15
B001308,Anthony Brindisi,D,NY,H,116,116,6
D000632,Anthony D’Esposito,R,NY,H,118,118,26
B001304,Anthony G. Brown,D,MD,H,115,117,51
G000588,Anthony Gonzalez,R,OH,H,116,117,15
D000630,Antonio Delgado,D,NY,H,116,117,36
H001091,Ashley Hinson,R,IA,H,117,119,25
M001244,Ashley Moody,R,FL,S,119,119,6
P000048,August Pfluger,R,TX,H,117,119,40
R000600,Aumua Amata Coleman Radewagen,R,AS,E,115,118,20
S001189,Austin Scott,R,GA,H,112,119,170
P000617,Ayanna Pressley,D,MA,H,116,119,70
B001234,"BACA, JOE",D,CA,H,107,112,631
B001256,"BACHMANN, MICHELE",R,MN,H,110,113,588
B000013,"BACHUS, SPENCER",R,AL,H,107,113,960
B001229,"BAIRD, BRIAN",D,WA,H,107,111,483
B000072,"BAKER, RICHARD",R,LA,H,107,110,269
B000081,"BALDACCI, JOHN",D,ME,H,107,107,48
B001238,"BALLANCE, FRANK",D,NC,H,108,108,41
B000104,"BALLENGER, CASS",R,NC,H,107,108,115
B001279,"BARBER, RON",D,AZ,H,112,113,86
B000134,"BARCIA, JAMES",D,MI,H,107,107,29
B001237,"BARKLEY, DEAN",I,MN,S,107,107,6
B000169,"BARR, BOB",R,GA,H,107,107,56
B001239,"BARRETT, JAMES",R,SC,H,108,111,204
B000177,"BARRETT, THOMAS",D,WI,H,107,107,13
B001252,"BARROW, JOHN",D,GA,H,109,113,237
B000208,"BARTLETT, ROSCOE",R,MD,H,107,112,408
B000220,"BASS, CHARLES",R,NH,H,107,112,145
B000243,"BAUCUS, MAX",D,MT,S,107,113,4825
B001233,"BAYH, EVAN",D,IN,S,107,111,429
B001253,"BEAN, MELISSA",D,IL,H,109,111,171
B001240,"BEAUPREZ, BOB",R,CO,H,108,109,105
B000287,"BECERRA, XAVIER",D,CA,H,107,114,414
B001265,"BEGICH, MARK",D,AK,S,111,113,522
B001241,"BELL, CHRIS",D,TX,H,108,108,90
B001271,"BENISHEK, DAN",R,MI,H,112,114,205
B000382,"BENNETT, ROBERT",R,UT,S,107,111,1404
B001280,"BENTIVOLIO, KERRY",R,MI,H,113,113,64
B000400,"BENTSEN, KEN",D,TX,H,107,107,161
B000403,"BEREUTER, DOUGLAS",R,NE,H,107,108,567
B001272,"BERG, RICK",R,ND,H,112,112,50
B001231,"BERKLEY, SHELLEY",D,NV,H,107,112,584
B000410,"BERMAN, HOWARD",D,CA,H,107,112,1273
B000420,"BERRY, ROBERT",D,AR,H,107,111,169
B000444,"BIDEN, JOSEPH",D,DE,S,107,111,1395
B001232,"BIGGERT, JUDY",R,IL,H,107,112,1068
B000461,"BILBRAY, BRIAN",R,CA,H,109,112,233
B000463,"BILIRAKIS, MICHAEL",R,FL,H,107,109,434
B000468,"BINGAMAN, JEFF",D,NM,S,107,112,3424
B001242,"BISHOP, TIMOTHY",D,NY,H,108,113,576
B000518,"BLAGOJEVICH, ROD",D,IL,H,107,107,4
B001263,"BOCCIERI, JOHN",D,OH,H,111,111,129
B000586,"BOEHLERT, SHERWOOD",R,NY,H,107,109,502
B000589,"BOEHNER, JOHN",R,OH,H,107,114,1689
B000611,"BOND, CHRISTOPHER",R,MO,S,107,111,2298
B000617,"BONILLA, HENRY",R,TX,H,107,109,644
B000619,"BONIOR, DAVID",D,MI,H,107,107,232
B001244,"BONNER, JO",R,AL,H,108,113,128
B001228,"BONO MACK, MARY",R,CA,H,108,110,27
B001254,"BOREN, DAN",D,OK,H,109,112,143
B000644,"BORSKI, ROBERT",D,PA,H,107,107,19
B000652,"BOSWELL, LEONARD",D,IA,H,107,112,227
B000657,"BOUCHER, FREDERICK",D,VA,H,107,111,339
B001255,"BOUSTANY, CHARLES",R,LA,H,109,114,635
B000711,"BOXER, BARBARA",D,CA,S,107,114,5757
B000716,"BOYD, ALLEN",D,FL,H,107,111,229
B001258,"BOYDA, NANCY",D,KS,H,110,110,105
B001246,"BRADLEY, JEB",R,NH,H,108,109,136
B001259,"BRALEY, BRUCE",D,IA,H,110,113,340
B000780,"BREAUX, JOHN",D,LA,S,107,108,341
B001264,"BRIGHT, BOBBY",D,AL,H,111,111,48
B001262,"BROUN, PAUL",R,GA,H,110,113,936
B000911,"BROWN, CORRINE",D,FL,H,107,114,999
B001235,"BROWN, HENRY",R,SC,H,107,111,137
B001268,"BROWN, SCOTT",R,MA,S,111,112,172
B001247,"BROWN-WAITE, VIRGINIA",R,FL,H,108,111,510
B000953,"BROWNBACK, SAMUEL",R,KS,S,107,111,1500
B000996,"BRYANT, ED",R,TN,H,107,107,8
B001276,"BUERKLE, ANN MARIE",R,NY,H,112,112,63
B001066,"BUNNING, JIM",R,KY,S,107,111,978
B001126,"BURNS, CONRAD",R,MT,S,107,109,1066
B001249,"BURNS, MAX",R,GA,H,108,108,183
B001266,"BURRIS, ROLAND",D,IL,S,111,111,217
B001149,"BURTON, DAN",R,IN,H,107,112,972
B001203,"BUYER, STEPHEN",R,IN,H,107,111,773
B001210,"BYRD, ROBERT",D,WV,S,107,111,3949
C001105,Barbara Comstock,R,VA,H,114,115,119
L000551,Barbara Lee,D,CA,H,107,118,3452
L000583,Barry Loudermilk,R,GA,E,114,119,115
M001212,Barry Moore,R,AL,H,117,119,40
B001318,Becca Balint,D,VT,H,118,119,46
C001118,Ben Cline,R,VA,H,116,119,177
M001209,Ben McAdams,D,UT,H,116,116,27
L000570,Ben Ray Luján,D,NM,S,115,119,46
S001197,Ben Sasse,R,NE,S,114,118,140
C000141,Benjamin L. Cardin,D,MD,S,107,118,2896
T000193,Bennie G. Thompson,D,MS,H,107,119,1095
S000033,Bernard Sanders,I,VT,S,107,119,2207
M001242,Bernie Moreno,R,OH,S,119,119,14
V000134,Beth Van Duyne,R,TX,E,117,119,107
O000170,Beto O’Rourke,D,TX,E,115,115,17
M001143,Betty McCollum,D,MN,E,107,119,810
C001075,Bill Cassidy,R,LA,S,111,119,389
F000461,Bill Flores,R,TX,H,112,116,265
F000454,Bill Foster,D,IL,H,110,119,205
H000601,Bill Hagerty,R,TN,S,117,119,48
H001058,Bill Huizenga,R,MI,H,112,119,328
J000292,Bill Johnson,R,OH,H,112,118,241
N000032,Bill Nelson,D,FL,S,107,115,2849
P000096,"Bill Pascrell, Jr.",D,NJ,E,107,118,858
P000599,Bill Posey,R,FL,H,111,118,178
S001154,Bill Shuster,R,PA,H,108,115,1077
L000576,Billy Long,R,MO,H,112,117,48
L000569,Blaine Luetkemeyer,R,MO,H,111,118,372
M001213,Blake D. Moore,R,UT,H,117,119,65
F000460,Blake Farenthold,R,TX,H,112,115,401
C001071,Bob Corker,R,TN,S,110,115,861
G000563,Bob Gibbs,R,OH,H,112,116,252
G000595,Bob Good,R,VA,H,117,118,52
G000289,Bob Goodlatte,R,VA,H,107,115,2498
R000515,Bobby L. Rush,D,IL,E,107,117,507
W000822,Bonnie Watson Coleman,D,NJ,H,114,119,279
F000475,Brad Finstad,R,MN,E,118,119,18
K000405,Brad Knott,R,NC,H,119,119,4
W000815,Brad R. Wenstrup,R,OH,E,113,118,184
S000344,Brad Sherman,D,CA,H,107,119,665
B001289,Bradley Byrne,R,AL,H,113,116,351
S001190,Bradley Scott Schneider,D,IL,H,113,119,217
G000603,Brandon Gill,R,TX,H,119,119,18
W000828,Brandon Williams,R,NY,H,118,118,12
L000581,Brenda L. Lawrence,D,MI,H,114,117,195
B001296,Brendan F. Boyle,D,PA,H,114,119,145
G000558,Brett Guthrie,R,KY,E,111,119,381
B001291,Brian Babin,R,TX,H,114,119,179
H001038,Brian Higgins,D,NY,H,109,118,656
M001199,Brian J. Mast,R,FL,H,115,119,74
J000311,Brian Jack,R,GA,H,119,119,8
F000466,Brian K. Fitzpatrick,R,PA,E,115,119,333
S001194,Brian Schatz,D,HI,S,113,119,284
P000620,Brittany Pettersen,D,CO,E,118,119,136
P000611,Bruce Poliquin,R,ME,H,114,115,57
W000821,Bruce Westerman,R,AR,H,114,119,330
S001213,Bryan Steil,R,WI,H,116,119,99
O000086,Burgess Owens,R,UT,H,117,119,32
D000032,Byron Donalds,R,FL,H,117,118,15
R000576,C. A. Dutch Ruppersberger,D,MD,E,108,118,397
C000052,"CALLAHAN, H.",R,AL,H,107,107,172
C000071,"CAMP, DAVE",R,MI,H,107,113,1603
C000077,"CAMPBELL, BEN",R,CO,S,107,108,408
C001064,"CAMPBELL, JOHN",R,CA,H,109,113,389
C000116,"CANNON, CHRISTOPHER",R,UT,H,107,110,493
C001082,"CANSECO, FRANCISCO",R,TX,H,112,112,46
C001046,"CANTOR, ERIC",R,VA,H,107,113,1376
C001079,"CAO, ANH",R,LA,H,111,111,98
C001036,"CAPPS, LOIS",D,CA,H,107,114,1236
C001050,"CARDOZA, DENNIS",D,CA,H,108,112,660
C001043,"CARNAHAN, JEAN",D,MO,S,107,107,191
C001060,"CARNAHAN, RUSS",D,MO,H,109,112,275
C001065,"CARNEY, CHRISTOPHER",D,PA,H,110,111,107
C001083,"CARNEY, JOHN",D,DE,H,112,114,107
C001044,"CARSON, BRAD",D,OK,H,107,108,46
C000191,"CARSON, JULIA",D,IN,H,107,110,198
C000243,"CASTLE, MICHAEL",R,DE,H,107,111,800
C001073,"CAZAYOUX, DONALD",D,LA,H,110,110,14
C001040,"CHAFEE, LINCOLN",R,RI,S,107,109,155
C000286,"CHAMBLISS, SAXBY",R,GA,S,107,113,1418
C001058,"CHANDLER, BEN",D,KY,H,108,112,67
C001100,"CHIESA, JEFFREY",R,NJ,H,113,113,7
C001074,"CHILDERS, TRAVIS",D,MS,H,110,111,57
C001052,"CHOCOLA, CHRIS",R,IN,H,108,109,154
C000380,"CHRISTENSEN, DONNA",D,VI,H,107,113,1347
C001085,"CLARKE, HANSEN",D,MI,H,112,112,140
C001102,"CLAWSON, CURTIS",R,FL,H,113,114,35
C000494,"CLAYTON, EVA",D,NC,S,107,107,195
C001034,"CLELAND, J.",D,GA,S,107,107,190
C000503,"CLEMENT, ROBERT",D,TN,H,107,107,62
C001041,"CLINTON, HILLARY",D,NY,S,107,111,1244
C000542,"COATS, DANIEL",R,IN,S,112,114,539
C000556,"COBLE, HOWARD",R,NC,H,107,113,351
C000560,"COBURN, THOMAS",R,OK,S,109,113,2721
C001057,"COLEMAN, NORM",R,MN,S,108,110,703
C000640,"COLLINS, MICHAEL",R,GA,H,107,108,98
C000653,"COMBEST, LARRY",R,TX,H,107,108,192
C000670,"CONDIT, GARY",D,CA,H,107,107,12
C000705,"CONRAD, KENT",D,ND,S,107,112,5001
C000735,"COOKSEY, JOHN",R,LA,H,107,107,35
C001042,"CORZINE, JON",D,NJ,S,107,109,823
C000794,"COSTELLO, JERRY",D,IL,H,107,112,485
C001099,"COWAN, WILLIAM",D,MA,S,113,113,14
C000830,"COX, C.",R,CA,S,107,109,382
C000846,"COYNE, WILLIAM",D,PA,H,107,107,18
C000858,"CRAIG, LARRY",R,ID,S,107,110,2134
C000868,"CRAMER, ROBERT",D,AL,H,107,110,51
C000873,"CRANE, PHILIP",R,IL,H,107,108,231
C001086,"CRAVAACK, CHIP",R,MN,H,112,112,102
C001045,"CRENSHAW, ANDER",R,FL,H,107,114,521
C001081,"CRITZ, MARK",D,PA,H,111,112,70
C000962,"CUBIN, BARBARA",R,WY,H,107,110,148
C000994,"CUNNINGHAM, RANDALL",R,CA,H,107,109,343
C001089,"CURSON, DAVID",D,MI,H,112,112,17
G000593,Carlos A. Gimenez,R,FL,H,117,119,43
C001107,Carlos Curbelo,R,FL,H,114,115,161
M001205,Carol D. Miller,R,WV,H,116,119,23
S001170,Carol Shea-Porter,D,NH,H,110,115,292
M000087,Carolyn B. Maloney,D,NY,H,107,117,1862
B001312,Carolyn Bourdeaux,D,GA,H,117,117,17
C001113,Catherine Cortez Masto,D,NV,S,115,119,107
M001159,Cathy McMorris Rodgers,R,WA,H,109,118,230
R000588,Cedric L. Richmond,D,LA,E,112,116,155
M001228,Celeste Maloy,R,UT,H,118,119,4
S000148,Charles E. Schumer,D,NY,S,107,119,6288
F000459,"Charles J. ""Chuck"" Fleischmann",R,TN,H,112,119,111
D000604,Charles W. Dent,R,PA,E,109,115,622
C001111,Charlie Crist,D,FL,H,115,117,23
P000597,Chellie Pingree,D,ME,E,111,119,539
B001286,Cheri Bustos,D,IL,E,113,117,246
R000614,Chip Roy,R,TX,H,116,119,160
C001092,Chris Collins,R,NY,H,113,116,50
J000020,Chris Jacobs,R,NY,H,116,117,27
P000614,Chris Pappas,D,NH,H,116,119,116
S001192,Chris Stewart,R,UT,H,113,117,118
V000128,Chris Van Hollen,D,MD,S,109,119,1232
H001085,Chrissy Houlahan,D,PA,H,116,119,58
C001088,Christopher A. Coons,D,DE,S,111,119,668
S000522,Christopher H. Smith,R,NJ,E,107,119,2057
M001169,Christopher Murphy,D,CT,S,110,119,1142
D000530,Christopher R. Deluzio,D,PA,H,118,119,37
E000246,Chuck Edwards,R,NC,H,118,119,59
G000386,Chuck Grassley,R,IA,S,107,119,5940
H001079,Cindy Hyde-Smith,R,MS,S,115,119,48
M001170,Claire McCaskill,D,MO,S,110,115,537
T000478,Claudia Tenney,R,NY,H,115,119,188
H001077,Clay Higgins,R,LA,H,115,119,47
F000110,Cleo Fields,D,LA,H,119,119,8
B000668,Cliff Bentz,R,OR,H,117,119,8
A000376,Colin Z. Allred,D,TX,H,116,118,18
H001050,Colleen Hanabusa,D,HI,H,112,115,204
P000258,Collin C. Peterson,D,MN,H,107,116,646
C001128,Connie Conway,R,CA,E,117,117,5
L000588,Conor Lamb,D,PA,H,116,117,5
B001224,Cori Bush,D,MO,H,117,118,42
B001288,Cory A. Booker,D,NJ,S,113,119,204
G000562,Cory Gardner,R,CO,S,112,116,624
M001216,Cory Mills,R,FL,H,118,119,7
A000378,Cynthia Axne,D,IA,E,116,117,68
L000571,Cynthia M. Lummis,R,WY,S,111,119,457
D000608,"DAHLKEMPER, KATHLEEN",D,PA,H,111,111,124
D000064,"DASCHLE, THOMAS",D,SD,S,107,108,3021
D000602,"DAVIS, ARTUR",D,AL,H,108,111,119
D000606,"DAVIS, DAVID",R,TN,H,110,110,91
D000603,"DAVIS, GEOFF",R,KY,H,109,112,313
D000114,"DAVIS, JAMES",D,FL,H,107,109,205
D000597,"DAVIS, JO ANN",R,VA,H,107,110,383
D000599,"DAVIS, LINCOLN",D,TN,H,108,111,165
D000136,"DAVIS, THOMAS",R,VA,H,107,110,1146
D000596,"DAYTON, MARK",D,MN,S,107,109,792
D000168,"DEAL, NATHAN",R,GA,H,107,111,537
D000210,"DELAHUNT, WILLIAM",D,MA,H,107,111,1405
D000217,"DELAY, THOMAS",R,TX,H,107,109,1150
D000595,"DEMINT, JIM",R,SC,S,107,112,1116
D000275,"DEUTSCH, PETER",D,FL,H,107,108,165
D000294,"DEWINE, MICHAEL",R,OH,S,107,109,1299
D000299,"DIAZ-BALART, LINCOLN",R,FL,H,107,111,1526
D000327,"DICKS, NORMAN",D,WA,H,107,112,1961
D000355,"DINGELL, JOHN",D,MI,N,107,113,1278
D000611,"DJOU, CHARLES",R,HI,H,111,111,19
D000388,"DODD, CHRISTOPHER",D,CT,S,107,111,4765
D000613,"DOLD, BOB",R,IL,H,112,114,338
D000601,"DOLE, ELIZABETH",R,NC,S,108,110,257
D000407,"DOMENICI, PETE",R,NM,S,107,110,3600
D000424,"DOOLEY, CALVIN",D,CA,H,107,108,71
D000429,"DOOLITTLE, JOHN",R,CA,H,107,110,144
D000432,"DORGAN, BYRON",D,ND,S,107,111,4961
D000549,"DUNN, JENNIFER",R,WA,H,107,108,184
S001220,Dale W. Strong,R,AL,H,118,119,15
B001311,Dan Bishop,R,NC,E,116,118,39
C001120,Dan Crenshaw,R,TX,E,116,118,14
N000189,Dan Newhouse,R,WA,H,114,119,412
S001198,Dan Sullivan,R,AK,S,114,119,309
R000409,Dana Rohrabacher,R,CA,H,107,115,951
L000563,Daniel Lipinski,D,IL,E,109,116,345
D000625,"Daniel M. Donovan, Jr.",R,NY,H,114,115,63
M001204,Daniel Meuser,R,PA,H,116,119,119
G000599,Daniel S. Goldman,D,NY,H,118,119,24
K000380,Daniel T. Kildee,D,MI,H,113,118,368
W000806,Daniel Webster,R,FL,H,112,119,263
D000096,Danny K. Davis,D,IL,H,107,119,2939
L000585,Darin LaHood,R,IL,H,114,119,133
I000056,Darrell Issa,R,CA,H,107,119,1371
S001200,Darren Soto,D,FL,E,115,119,248
B001290,Dave Brat,R,VA,H,113,115,36
M001241,Dave Min,D,CA,H,119,119,17
T000475,David A. Trott,R,MI,H,114,115,36
M001180,David B. McKinley,R,WV,H,112,117,240
P000523,David E. Price,D,NC,E,107,117,1135
R000578,David G. Reichert,R,WA,H,109,115,379
V000129,David G. Valadao,R,CA,H,113,119,160
T000490,David J. Taylor,R,OH,H,119,119,23
T000483,David J. Trone,D,MD,H,116,118,44
K000392,David Kustoff,R,TN,H,115,119,55
L000565,David Loebsack,D,IA,H,110,116,245
M001243,David McCormick,R,PA,S,119,119,2
C001084,David N. Cicilline,D,RI,H,112,118,614
J000295,David P. Joyce,R,OH,H,113,119,56
R000582,David P. Roe,R,TN,H,111,116,710
P000612,David Perdue,R,GA,S,114,116,130
R000603,David Rouzer,R,NC,H,114,119,79
S001183,David Schweikert,R,AZ,H,112,119,471
S001157,David Scott,D,GA,H,108,119,680
Y000066,David Young,R,IA,H,114,115,210
H001041,Dean Heller,R,NV,S,110,115,529
P000616,Dean Phillips,D,MN,H,116,118,40
F000463,Deb Fischer,R,NE,S,113,119,288
D000624,Debbie Dingell,D,MI,E,114,119,328
L000589,Debbie Lesko,R,AZ,H,115,118,78
M001207,Debbie Mucarsel-Powell,D,FL,H,116,116,22
S000770,Debbie Stabenow,D,MI,S,107,118,2375
W000797,Debbie Wasserman Schultz,D,FL,H,109,119,1657
R000305,Deborah K. Ross,D,NC,H,117,119,75
H001080,Debra A. Haaland,D,NM,E,116,117,29
R000617,Delia C. Ramirez,D,IL,H,118,119,68
R000593,Dennis A. Ross,R,FL,H,112,115,88
H001064,Denny Heck,D,WA,E,113,116,135
R000611,Denver Riggleman,R,VA,H,116,116,30
K000381,Derek Kilmer,D,WA,E,113,118,206
S001228,Derek Schmidt,R,KS,H,119,119,5
T000491,Derek Tran,D,CA,H,119,119,13
N000181,Devin Nunes,R,CA,E,108,117,289
D000197,Diana DeGette,D,CO,E,107,119,529
H001086,Diana Harshbarger,R,TN,E,117,119,31
B001273,Diane Black,R,TN,H,112,115,335
F000062,Dianne Feinstein,D,CA,S,107,118,3887
T000468,Dina Titus,D,NV,H,111,119,352
B001298,Don Bacon,R,NE,H,115,119,118
Y000033,Don Young,R,AK,H,107,117,1306
D000230,Donald G. Davis,D,NC,H,118,119,287
P000604,"Donald M. Payne, Jr.",D,NJ,H,107,118,1108
N000188,Donald Norcross,D,NJ,H,113,119,92
B001292,"Donald S. Beyer, Jr.",D,VA,H,114,119,247
S001206,Donna E. Shalala,D,FL,H,116,116,43
M001163,Doris O. Matsui,D,CA,H,109,119,913
C001093,Doug Collins,R,GA,H,113,116,593
J000300,Doug Jones,D,AL,S,115,116,24
L000578,Doug LaMalfa,R,CA,H,113,119,1153
L000564,Doug Lamborn,R,CO,E,110,118,785
H001048,Duncan Hunter,R,CA,H,107,116,1554
J000301,Dusty Johnson,R,SD,E,116,119,59
E000296,Dwight Evans,D,PA,H,115,118,54
E000290,"EDWARDS, DONNA",D,MD,H,110,114,571
E000286,"EDWARDS, JOHN",D,NC,S,107,108,334
E000063,"EDWARDS, THOMAS",D,TX,H,107,111,700
E000092,"EHLERS, VERNON",R,MI,H,107,111,691
E000093,"EHRLICH, ROBERT",R,MD,H,107,107,17
E000291,"ELLMERS, RENEE",R,NC,H,112,114,196
E000289,"ELLSWORTH, BRAD",D,IN,H,110,111,82
E000287,"EMANUEL, RAHM",D,IL,H,108,110,797
E000172,"EMERSON, JO ANN",R,MO,H,107,112,225
E000187,"ENGLISH, PHILIP",R,PA,H,107,110,432
E000194,"ENSIGN, JOHN",R,NV,S,107,112,1323
E000292,"ENYART, WILLIAM",D,IL,H,113,113,71
E000226,"ETHERIDGE, BOB",D,NC,H,107,111,496
E000250,"EVANS, LANE",D,IL,H,107,109,249
E000268,"EVERETT, TERRY",R,AL,H,107,110,148
B000574,Earl Blumenauer,D,OR,H,107,118,2694
C001103,"Earl L. ""Buddy"" Carter",R,GA,H,115,119,775
C001055,Ed Case,D,HI,E,108,119,145
P000593,Ed Perlmutter,D,CO,E,110,117,1021
J000126,Eddie Bernice Johnson,D,TX,E,107,117,1454
M000133,Edward J. Markey,D,MA,S,107,119,1857
R000487,Edward R. Royce,R,CA,H,107,115,1508
L000591,Elaine G. Luria,D,VA,H,116,117,23
N000147,Eleanor Holmes Norton,D,DC,E,107,119,1858
C001132,Elijah Crane,R,AZ,H,118,119,7
C000984,Elijah E. Cummings,D,MD,H,107,116,1322
E000179,Eliot L. Engel,D,NY,H,107,116,1295
S001196,Elise M. Stefanik,R,NY,E,114,119,237
S001208,Elissa Slotkin,D,MI,S,116,119,92
E000293,Elizabeth H. Esty,D,CT,H,113,115,197
W000817,Elizabeth Warren,D,MA,S,113,119,343
C001061,Emanuel Cleaver,D,MO,E,109,119,397
S001223,Emilia Strong Sykes,D,OH,H,118,119,113
R000621,Emily Randall,D,WA,H,119,119,6
C001087,"Eric A. ""Rick"" Crawford",R,AR,H,112,119,255
B001316,Eric Burlison,R,MO,H,118,119,32
S001227,Eric Schmitt,R,MO,S,118,119,36
S001225,Eric Sorensen,D,IL,H,118,119,28
S001193,Eric Swalwell,D,CA,E,113,119,327
L000605,Erica Lee Carter,,TX,H,118,118,20
P000594,Erik Paulsen,R,MN,H,111,115,560
H001093,Erin Houchin,R,IN,H,118,119,36
V000138,Eugene Simon Vindman,D,VA,H,119,119,47
J000297,Evan H. Jenkins,R,WV,H,114,115,76
S000244,"F. James Sensenbrenner, Jr.",R,WI,E,115,116,7
F000010,"FALEOMAVAEGA, ENI",D,AS,H,107,113,783
F000453,"FALLIN, MARY",R,OK,H,110,111,96
F000030,"FARR, SAM",D,CA,H,107,114,1010
F000043,"FATTAH, CHAKA",D,PA,H,107,114,903
F000447,"FEENEY, TOM",R,FL,H,108,110,265
F000061,"FEINGOLD, RUSSELL",D,WI,S,107,111,2306
F000443,"FERGUSON, MICHAEL",R,NJ,H,107,110,126
F000116,"FILNER, BOB",D,CA,H,107,112,1856
F000458,"FINCHER, STEPHEN",R,TN,H,112,114,93
F000442,"FITZGERALD, PETER",R,IL,S,107,108,199
F000451,"FITZPATRICK, MICHAEL",R,PA,H,109,114,353
F000456,"FLEMING, JOHN",R,LA,H,111,114,491
F000441,"FLETCHER, ERNEST",R,KY,H,107,108,90
F000238,"FOLEY, MARK",R,FL,H,107,109,371
F000445,"FORBES, J.",R,VA,H,107,114,391
F000262,"FORD, HAROLD",D,TN,H,107,109,100
F000440,"FOSSELLA, VITO",R,NY,H,107,110,220
F000339,"FRANK, BARNEY",D,MA,H,107,112,3037
F000439,"FRIST, WILLIAM",R,TN,S,107,109,8009
F000392,"FROST, JONAS",D,TX,H,107,108,1120
V000132,Filemon Vela,D,TX,E,113,117,47
R000607,Francis Rooney,R,FL,E,115,116,29
L000554,Frank A. LoBiondo,R,NJ,H,107,115,393
L000491,Frank D. Lucas,R,OK,H,107,119,587
M001214,Frank J. Mrvan,D,IN,H,117,119,89
P000034,"Frank Pallone, Jr.",D,NJ,H,107,119,3334
K000395,Fred Keller,R,PA,H,116,117,68
U000031,Fred Upton,R,MI,H,107,117,1046
W000808,Frederica S. Wilson,D,FL,H,112,119,269
B001251,G. K. Butterfield,D,NC,E,108,117,549
G000021,"GALLEGLY, ELTON",R,CA,H,107,112,171
G000572,"GALLEGO, PETE",D,TX,H,113,113,93
G000041,"GANSKE, GREG",R,IA,H,107,107,89
G000573,"GARCIA, JOE",D,FL,H,113,113,101
G000548,"GARRETT, SCOTT",R,NJ,H,108,114,1424
G000121,"GEKAS, GEORGE",R,PA,H,107,107,94
G000132,"GEPHARDT, RICHARD",D,MO,H,107,108,81
G000549,"GERLACH, JIM",R,PA,H,108,113,74
G000152,"GIBBONS, JAMES",R,NV,H,107,109,446
G000564,"GIBSON, CHRISTOPHER",R,NY,H,112,114,121
G000554,"GIFFORDS, GABRIELLE",D,AZ,H,110,112,149
G000180,"GILCHREST, WAYNE",R,MD,H,107,110,310
G000210,"GILLMOR, PAUL",R,OH,H,107,110,131
G000212,"GILMAN, BENJAMIN",R,NY,H,107,107,323
G000550,"GINGREY, PHIL",R,GA,H,108,113,2265
G000544,"GONZALEZ, CHARLES",D,TX,H,107,112,134
G000280,"GOODE, VIRGIL",R,VA,H,107,110,112
G000561,"GOODWIN, CARTE",D,WV,S,111,111,21
G000309,"GORDON, BARTON",D,TN,H,107,111,750
G000336,"GOSS, PORTER",R,FL,H,107,108,445
G000352,"GRAHAM, BOB",D,FL,S,107,108,652
G000575,"GRAHAM, GWEN",D,FL,H,114,114,48
G000365,"GRAMM, PHIL",R,TX,S,107,107,845
G000556,"GRAYSON, ALAN",D,FL,H,111,114,363
G000439,"GREENWOOD, JAMES",R,PA,H,107,108,148
G000445,"GREGG, JUDD",R,NH,S,107,111,4387
G000567,"GRIFFIN, TIM",R,AR,H,112,113,208
G000557,"GRIFFITH, PARKER",R,AL,H,111,111,29
G000569,"GRIMM, MICHAEL",R,NY,H,112,113,114
G000547,"GRUCCI, FELIX",R,NY,H,107,107,69
G000570,"GUINTA, FRANK",R,NH,H,112,114,148
G000536,"GUTKNECHT, GILBERT",R,MN,H,107,109,539
A000380,Gabe Amo,D,RI,H,118,119,21
E000300,Gabe Evans,R,CO,H,119,119,3
V000136,Gabe Vasquez,D,NM,H,118,119,30
G000577,Garret Graves,R,LA,E,114,118,109
P000595,Gary C. Peters,D,MI,S,111,119,352
P000609,Gary J. Palmer,R,AL,H,114,119,101
G000410,Gene Green,D,TX,H,107,115,1227
H001065,George Holding,R,NC,E,113,116,203
L000606,George Latimer,D,NY,H,119,119,114
H001097,George S. Helmy,D,NJ,S,118,118,2
S001222,George Santos,R,NY,H,118,118,39
W000830,George Whitesides,D,CA,H,119,119,9
C001078,Gerald E. Connolly,D,VA,E,111,119,948
C001123,"Gilbert Ray Cisneros, Jr.",D,CA,H,116,119,43
G000576,Glenn Grothman,R,WI,H,114,119,400
I000058,Glenn Ivey,D,MD,H,118,119,12
T000467,Glenn Thompson,R,PA,H,111,119,2126
N000179,Grace F. Napolitano,D,CA,E,107,118,690
M001188,Grace Meng,D,NY,H,113,119,103
C001131,Greg Casar,D,TX,H,118,119,11
G000584,Greg Gianforte,R,MT,H,115,116,94
L000601,Greg Landsman,D,OH,H,118,119,47
L000604,Greg Lopez,R,CO,H,118,118,16
P000615,Greg Pence,R,IN,H,116,118,72
S001211,Greg Stanton,D,AZ,E,116,119,75
W000791,Greg Walden,R,OR,H,107,116,787
H001045,Gregg Harper,R,MS,H,111,115,207
S001177,Gregorio Kilili Camacho Sablan,D,MP,H,111,118,364
M001210,Gregory F. Murphy,R,NC,H,116,119,76
M001137,Gregory W. Meeks,D,NY,H,107,119,386
B001257,Gus M. Bilirakis,R,FL,E,110,119,567
R000610,Guy Reschenthaler,R,PA,H,116,118,66
M001160,Gwen Moore,D,WI,H,109,119,698
G000568,H. Morgan Griffith,R,VA,H,112,119,225
H001049,"HAGAN, KAY",D,NC,S,111,113,254
H001028,"HAGEL, CHARLES",R,NE,S,107,110,418
H001063,"HAHN, JANICE",D,CA,H,112,114,241
H001039,"HALL, JOHN",D,NY,H,110,111,198
H000067,"HALL, RALPH",R,TX,H,107,113,715
H000074,"HALL, TONY",D,OH,H,107,107,167
H001044,"HALVORSON, DEBORAH",D,IL,H,111,111,83
H001051,"HANNA, RICHARD",R,NY,H,112,114,78
H000172,"HANSEN, JAMES",R,UT,H,107,107,318
H001070,"HARDY, CRESENT",R,NV,H,114,114,80
H001040,"HARE, PHIL",D,IL,H,110,111,262
H000206,"HARKIN, THOMAS",D,IA,S,107,113,5360
H000213,"HARMAN, JANE",D,CA,H,107,112,582
H001035,"HARRIS, KATHERINE",R,FL,H,108,109,96
H001033,"HART, MELISSA",R,PA,H,107,109,208
H000323,"HASTERT, J.",R,IL,H,107,110,122
H000329,"HASTINGS, DOC",R,WA,H,107,113,3511
H001029,"HAYES, ROBIN",R,NC,H,107,110,290
H000413,"HAYWORTH, JOHN",R,AZ,H,107,109,471
H001054,"HAYWORTH, NAN",R,NY,H,112,112,55
H001055,"HECK, JOSEPH",R,NV,H,112,114,134
H000444,"HEFLEY, JOEL",R,CO,H,107,109,367
H000463,"HELMS, JESSE",R,NC,S,107,107,284
H000528,"HERGER, WALTER",R,CA,H,107,112,532
H001037,"HERSETH SANDLIN, STEPHANIE",D,SD,H,109,111,220
H001030,"HILL, BARON",D,IN,H,107,111,180
H000615,"HILLEARY, VAN",R,TN,H,107,107,15
H000621,"HILLIARD, EARL",D,AL,H,107,107,17
H000627,"HINCHEY, MAURICE",D,NY,H,107,112,452
H000636,"HINOJOSA, RUBEN",D,TX,H,107,114,639
H000666,"HOBSON, DAVID",R,OH,H,107,110,494
H001062,"HOCHUL, KATHLEEN",D,NY,H,112,112,63
H001043,"HODES, PAUL",D,NH,H,110,111,244
H001031,"HOEFFEL, JOSEPH",D,PA,H,107,108,291
H000676,"HOEKSTRA, PETER",R,MI,H,107,111,1098
H000712,"HOLDEN, TIM",D,PA,H,107,112,829
H000725,"HOLLINGS, ERNEST",D,SC,S,107,108,975
H001032,"HOLT, RUSH",D,NJ,H,107,113,1567
H000762,"HOOLEY, DARLENE",D,OR,H,107,110,337
H000789,"HORN, STEPHEN",R,CA,H,107,107,78
H000807,"HOSTETTLER, JOHN",R,IN,H,107,109,123
H000814,"HOUGHTON, AMORY",R,NY,H,107,108,101
H001057,"HUELSKAMP, TIM",R,KS,H,112,114,147
H000948,"HULSHOF, KENNY",R,MO,H,107,110,170
H001060,"HURT, ROBERT",R,VA,H,112,114,154
H001014,"HUTCHINSON, ASA",R,AR,H,107,107,11
H001015,"HUTCHINSON, TIM",R,AR,S,107,107,252
H001016,"HUTCHISON, KAY",R,TX,S,107,112,2271
H001022,"HYDE, HENRY",R,IL,H,107,109,820
J000294,Hakeem S. Jeffries,D,NY,H,113,119,434
S001215,Haley M. Stevens,D,MI,H,116,119,110
R000616,Harley Rouda,D,CA,H,116,116,49
R000395,Harold Rogers,R,KY,H,107,119,1677
H001096,Harriet M. Hageman,R,WY,H,118,119,33
H001069,Heidi Heitkamp,D,ND,S,113,115,268
J000288,"Henry C. ""Hank"" Johnson, Jr.",D,GA,H,110,119,902
C001063,Henry Cuellar,D,TX,E,109,119,325
C001136,"Herbert C. Conaway, Jr.",D,NJ,H,119,119,4
S001221,Hillary J. Scholten,D,MI,H,118,119,37
I000023,"INGLIS, BOB",R,SC,H,109,111,110
I000025,"INOUYE, DANIEL",D,HI,S,107,112,1504
I000026,"INSLEE, JAY",D,WA,H,107,112,1273
I000057,"ISRAEL, STEVE",D,NY,H,107,114,529
I000047,"ISTOOK, ERNEST",R,OK,H,107,109,447
R000435,Ileana Ros-Lehtinen,R,FL,H,107,115,2925
O000173,Ilhan Omar,D,MN,H,116,119,55
H001072,J. French Hill,R,AR,H,115,119,263
C001110,J. Luis Correa,D,CA,H,115,119,227
V000137,J.D. Vance,R,OH,S,118,118,4
J000283,"JACKSON, JESSE",D,IL,H,107,112,381
J000286,"JANKLOW, WILLIAM",R,SD,H,108,108,18
J000070,"JEFFERSON, WILLIAM",D,LA,H,107,110,140
J000072,"JEFFORDS, JAMES",I,VT,S,107,109,968
J000082,"JENKINS, WILLIAM",R,TN,H,107,109,16
J000287,"JINDAL, BOBBY",R,LA,H,109,110,125
J000291,"JOHANNS, MIKE",R,NE,S,111,113,445
J000110,"JOHN, CHRISTOPHER",D,LA,S,107,108,55
J000163,"JOHNSON, NANCY",R,CT,H,107,109,367
J000177,"JOHNSON, TIM",D,SD,S,107,113,1085
J000285,"JOHNSON, TIMOTHY",R,IL,H,107,112,98
J000296,"JOLLY, DAVID",R,FL,H,113,114,124
J000284,"JONES, STEPHANIE",D,OH,H,107,110,635
J000255,"JONES, WALTER",R,NC,H,107,114,796
B001301,Jack Bergman,R,MI,H,115,119,129
R000122,Jack Reed,D,RI,S,107,119,2519
S001175,Jackie Speier,D,CA,E,110,117,540
W000813,Jackie Walorski,R,IN,H,113,117,225
R000608,Jacky Rosen,D,NV,S,115,119,61
H001081,Jahana Hayes,D,CT,H,116,119,29
H001056,Jaime Herrera Beutler,R,WA,H,112,117,117
A000148,Jake Auchincloss,D,MA,H,117,119,55
E000071,Jake Ellzey,R,TX,H,117,119,18
L000266,Jake LaTurner,R,KS,H,117,118,29
B001223,Jamaal Bowman,D,NY,H,117,118,37
H001047,James A. Himes,D,CT,H,111,119,256
R000586,James B. Renacci,R,OH,E,112,115,62
J000312,James C. Justice,R,WV,S,119,119,4
M001219,James C. Moylan,R,GU,H,118,119,68
C001108,James Comer,R,KY,H,115,119,213
C000537,James E. Clyburn,D,SC,E,107,119,371
R000584,James E. Risch,R,ID,S,111,119,434
L000575,James Lankford,R,OK,S,112,119,510
I000024,James M. Inhofe,R,OK,S,107,117,3897
M000312,James P. McGovern,D,MA,H,107,119,5140
B001307,James R. Baird,R,IN,H,116,119,51
L000559,James R. Langevin,D,RI,E,107,117,888
W000831,James R. Walkinshaw,D,VA,H,119,119,14
R000606,Jamie Raskin,D,MD,H,115,119,114
B001326,Janelle S. Bynum,D,OR,H,119,119,34
S001145,Janice D. Schakowsky,D,IL,H,107,119,1129
G000592,Jared F. Golden,D,ME,H,116,119,8
H001068,Jared Huffman,D,CA,E,113,119,352
M001217,Jared Moskowitz,D,FL,H,118,119,27
P000598,Jared Polis,D,CO,H,111,115,2789
C001130,Jasmine Crockett,D,TX,H,118,119,23
C001076,Jason Chaffetz,R,UT,H,111,115,811
C001121,Jason Crow,D,CO,E,116,119,68
L000587,Jason Lewis,R,MN,H,115,115,14
S001195,Jason Smith,R,MO,H,113,119,207
O000019,Jay Obernolte,R,CA,H,117,119,20
S001181,Jeanne Shaheen,D,NH,S,111,119,954
H001036,Jeb Hensarling,R,TX,H,108,115,1720
C001137,Jeff Crank,R,CO,H,119,119,30
D000612,Jeff Denham,R,CA,E,112,115,348
D000615,Jeff Duncan,R,SC,E,112,118,235
F000444,Jeff Flake,R,AZ,S,107,115,2104
F000449,Jeff Fortenberry,R,NE,H,109,117,404
H001100,Jeff Hurd,R,CO,H,119,119,13
J000308,Jeff Jackson,D,NC,H,118,118,11
M001176,Jeff Merkley,D,OR,S,111,119,1248
S001229,Jefferson Shreve,R,IN,H,119,119,21
V000133,Jefferson Van Drew,R,NJ,H,116,119,181
K000399,Jennifer A. Kiggans,R,VA,H,118,119,44
M001227,Jennifer L. McClellan,D,VA,H,118,119,63
W000825,Jennifer Wexton,D,VA,H,116,118,34
G000582,Jenniffer González-Colón,R,PR,E,115,118,49
N000002,Jerrold Nadler,D,NY,H,107,119,1642
C001054,Jerry L. Carl,R,AL,E,117,118,26
M001166,Jerry McNerney,D,CA,E,110,118,378
M000934,Jerry Moran,R,KS,S,107,119,887
G000586,"Jesús G. ""Chuy"" García",D,IL,H,116,119,101
T000487,Jill N. Tokuda,D,HI,H,118,119,66
B001299,Jim Banks,R,IN,S,115,119,80
B001283,Jim Bridenstine,R,OK,H,113,115,63
C000754,Jim Cooper,D,TN,H,108,116,336
C001059,Jim Costa,D,CA,E,109,119,670
H001088,Jim Hagedorn,R,MN,H,116,117,20
J000289,Jim Jordan,R,OH,E,110,119,380
G000585,Jimmy Gomez,D,CA,H,115,119,51
P000613,Jimmy Panetta,D,CA,H,115,119,133
P000622,Jimmy Patronis,R,FL,H,119,119,9
C001091,Joaquin Castro,D,TX,H,113,119,200
A000375,Jodey C. Arrington,R,TX,H,115,119,117
H001071,Jody B. Hice,R,GA,E,114,117,109
B000213,Joe Barton,R,TX,H,107,115,2303
C001069,Joe Courtney,D,CT,H,110,119,659
C001122,Joe Cunningham,D,SC,H,116,116,35
D000607,Joe Donnelly,D,IN,S,110,115,310
M001183,"Joe Manchin, III",D,WV,S,111,118,529
N000191,Joe Neguse,D,CO,H,116,119,70
W000795,Joe Wilson,R,SC,H,107,119,2176
Y000062,John A. Yarmuth,D,KY,E,110,117,566
C001048,John Abney Culberson,R,TX,H,107,115,910
L000557,John B. Larson,D,CT,H,107,119,991
B001261,John Barrasso,R,WY,S,110,119,1824
B001236,John Boozman,R,AR,S,107,119,1045
C000714,"John Conyers, Jr.",D,MI,H,107,115,3572
C001056,John Cornyn,R,TX,S,108,119,4797
F000479,John Fetterman,D,PA,S,118,118,1
G000559,John Garamendi,D,CA,H,111,119,2191
R000609,John H. Rutherford,R,FL,H,115,119,108
H001061,John Hoeven,R,ND,S,112,119,579
D000533,"John J. Duncan, Jr.",R,TN,H,107,115,936
F000464,John J. Faso,R,NY,H,115,115,46
M001239,John J. McGuire III,R,VA,H,119,119,23
J000307,John James,R,MI,H,118,119,21
J000302,John Joyce,R,PA,H,116,119,301
D000620,John K. Delaney,D,MD,E,113,115,77
K000386,John Katko,R,NY,H,114,117,227
K000393,John Kennedy,R,LA,S,115,119,140
L000287,John Lewis,D,GA,H,107,116,698
M000303,John McCain,R,AZ,S,107,115,5733
S001168,John P. Sarbanes,D,MD,H,110,118,343
C001051,John R. Carter,R,TX,E,108,119,1131
C001114,John R. Curtis,R,UT,S,115,119,49
M001194,John R. Moolenaar,R,MI,H,114,119,41
R000601,John Ratcliffe,R,TX,H,114,116,115
D000633,John S. Duarte,R,CA,H,118,118,11
S000364,John Shimkus,R,IL,H,107,116,988
T000250,John Thune,R,SD,S,107,119,3476
H000273,John W. Hickenlooper,D,CO,S,117,119,15
M001231,John W. Mannion,D,NY,H,119,119,5
R000612,John W. Rose,R,TN,H,116,119,198
I000055,Johnny Isakson,R,GA,S,107,116,1438
O000176,"Johnny Olszewski, Jr.",D,MD,H,119,119,8
K000352,Jon Kyl,R,AZ,S,107,115,4234
O000174,Jon Ossoff,D,GA,S,117,119,47
T000464,Jon Tester,D,MT,S,110,118,756
J000309,Jonathan L. Jackson,D,IL,H,118,119,40
E000295,Joni Ernst,R,IA,S,114,119,256
C001038,Joseph Crowley,D,NY,H,107,115,907
M001206,Joseph D. Morelle,D,NY,E,115,119,116
K000379,Joseph P. Kennedy III,D,MA,H,113,116,140
S001219,Joseph Sempolinski,R,NY,H,117,117,3
B001317,Josh Brecheen,R,OK,H,119,119,1
G000583,Josh Gottheimer,D,NJ,H,115,119,48
H001090,Josh Harder,D,CA,H,116,119,41
H001089,Josh Hawley,R,MO,S,116,119,62
R000622,Josh Riley,D,NY,H,119,119,9
S000248,José E. Serrano,D,NY,H,107,116,753
B001281,Joyce Beatty,D,OH,H,113,119,277
C001133,Juan Ciscomani,R,AZ,H,118,119,66
V000130,Juan Vargas,D,CA,H,113,119,107
C001080,Judy Chu,D,CA,H,111,119,507
B001285,Julia Brownley,D,CA,H,113,119,186
L000595,Julia Letlow,R,LA,H,117,119,26
F000482,Julie Fedorchak,R,ND,H,119,119,17
J000310,Julie Johnson,D,TX,H,119,119,26
A000367,Justin Amash,R,MI,H,112,115,55
C001062,K. Michael Conaway,R,TX,H,109,116,769
K000365,"KAGEN, STEVE",D,WI,H,110,111,297
K000008,"KANJORSKI, PAUL",D,PA,H,107,111,226
K000373,"KAUFMAN, EDWARD",D,DE,S,111,111,501
K000361,"KELLER, RIC",R,FL,H,107,110,450
K000078,"KELLY, SUE",R,NY,H,107,109,193
K000105,"KENNEDY, EDWARD",D,MA,S,107,111,5528
K000358,"KENNEDY, MARK",R,MN,H,107,109,273
K000113,"KENNEDY, PATRICK",D,RI,H,107,111,360
K000359,"KERNS, BRIAN",R,IN,H,107,107,26
K000148,"KERRY, JOHN",D,MA,S,107,113,2335
K000172,"KILDEE, DALE",D,MI,H,107,112,581
K000180,"KILPATRICK, CAROLYN",D,MI,H,107,111,424
K000372,"KILROY, MARY JO",D,OH,H,111,111,78
K000220,"KINGSTON, JACK",R,GA,H,107,113,1419
K000360,"KIRK, MARK",R,IL,S,107,114,940
K000369,"KISSELL, LARRY",D,NC,H,111,112,36
K000259,"KLECZKA, GERALD",D,WI,H,107,108,109
K000366,"KLEIN, RON",D,FL,H,110,111,376
K000363,"KLINE, JOHN",R,MN,H,108,114,1141
K000288,"KNOLLENBERG, JOSEPH",R,MI,H,107,110,577
K000305,"KOHL, HERBERT",D,WI,S,107,112,921
K000306,"KOLBE, JAMES",R,AZ,H,107,109,863
K000370,"KOSMAS, SUZANNE",D,FL,H,111,111,49
K000371,"KRATOVIL, FRANK",D,MD,H,111,111,50
K000336,"KUCINICH, DENNIS",D,OH,H,107,112,1691
K000364,"KUHL, JOHN",R,NY,H,109,110,176
K000396,Kaiali’i Kahele,D,HI,H,117,117,25
H001075,Kamala D. Harris,D,CA,S,115,116,26
B001270,Karen Bass,D,CA,E,112,117,158
H001078,Karen C. Handel,R,GA,H,115,115,8
C001039,Kat Cammack,R,FL,H,117,119,26
C001101,Katherine M. Clark,D,MA,H,113,119,134
R000602,Kathleen M. Rice,D,NY,E,114,117,51
C001066,Kathy Castor,D,FL,E,110,119,690
M001135,Kathy E. Manning,D,NC,H,117,118,60
B001319,Katie Boyd Britt,R,AL,S,118,119,15
H001087,Katie Hill,D,CA,H,116,116,12
P000618,Katie Porter,D,CA,H,116,118,90
G000377,Kay Granger,R,TX,H,107,118,186
E000288,Keith Ellison,D,MN,H,110,115,1360
R000598,Keith J. Rothfus,R,PA,H,113,115,300
S001224,Keith Self,R,TX,H,118,119,21
A000377,Kelly Armstrong,R,ND,H,116,118,9
L000594,Kelly Loeffler,R,GA,S,116,117,7
M001234,Kelly Morrison,D,MN,H,119,119,19
B001297,Ken Buck,R,CO,H,114,118,112
C000059,Ken Calvert,R,CA,H,107,119,761
H001083,Kendra S. Horn,D,OK,H,116,116,24
M001158,Kenny Marchant,R,TX,E,109,116,268
B000755,Kevin Brady,R,TX,E,107,117,1019
C001096,Kevin Cramer,R,ND,S,113,119,175
H001082,Kevin Hern,R,OK,H,115,119,60
K000401,Kevin Kiley,R,CA,H,118,119,113
M001165,Kevin McCarthy,R,CA,E,110,118,721
M001225,Kevin Mullin,D,CA,H,118,119,9
Y000063,Kevin Yoder,R,KS,H,112,115,208
S001216,Kim Schrier,D,WA,H,116,119,32
K000404,Kimberlyn King-Hinds,R,MP,H,119,119,2
G000555,Kirsten E. Gillibrand,D,NY,S,110,119,412
N000184,Kristi L. Noem,R,SD,H,112,115,142
S001180,Kurt Schrader,D,OR,H,111,117,163
H001092,Kwanza Hall,D,GA,H,116,116,15
M000687,Kweisi Mfume,D,MD,H,116,119,30
S001191,Kyrsten Sinema,D,AZ,S,113,118,167
L000556,"LAFALCE, JOHN",D,NY,H,107,107,291
L000552,"LAHOOD, RAY",R,IL,H,107,110,264
L000043,"LAMPSON, NICHOLAS",D,TX,H,107,110,393
L000550,"LANDRIEU, MARY",D,LA,S,107,113,2884
L000574,"LANDRY, JEFF",R,LA,H,112,112,85
L000090,"LANTOS, TOM",D,CA,H,107,110,2262
L000096,"LARGENT, STEVE",R,OK,H,107,107,15
L000111,"LATHAM, TOM",R,IA,H,107,113,600
L000553,"LATOURETTE, STEVEN",R,OH,H,107,112,1037
L000123,"LAUTENBERG, FRANK",D,NJ,S,108,113,1442
L000169,"LEACH, JAMES",R,IA,H,107,109,347
L000568,"LEE, CHRISTOPHER",R,NY,H,111,111,57
L000572,"LEMIEUX, GEORGE",R,FL,S,111,111,179
L000261,"LEVIN, CARL",D,MI,S,107,113,6259
L000274,"LEWIS, JERRY",R,CA,H,107,112,1591
L000293,"LEWIS, RON",R,KY,H,107,110,97
L000304,"LIEBERMAN, JOSEPH",I,CT,S,107,112,2427
L000035,"LINCOLN, BLANCHE",D,AR,S,107,111,958
L000321,"LINDER, JOHN",R,GA,H,107,111,722
L000342,"LIPINSKI, WILLIAM",D,IL,H,107,108,153
L000447,"LOTT, TRENT",R,MS,S,107,110,2285
L000558,"LUCAS, KENNETH",D,KY,H,107,108,14
L000504,"LUGAR, RICHARD",R,IN,S,107,112,1355
L000517,"LUNGREN, DANIEL",R,CA,H,109,112,1076
L000521,"LUTHER, WILLIAM",D,MN,H,107,107,10
M001229,LaMonica McIver,D,NJ,H,118,119,17
A000360,Lamar Alexander,R,TN,S,108,116,3140
S000583,Lamar Smith,R,TX,H,107,115,2221
G000589,Lance Gooden,R,TX,E,116,118,12
B001320,Laphonza R. Butler,D,CA,S,118,118,7
B001275,Larry Bucshon,R,IN,H,112,118,188
S001231,Lateefah Simon,D,CA,H,119,119,14
F000483,Laura Friedman,D,CA,H,119,119,1
G000602,Laura Gillen,D,NY,H,119,119,23
L000597,Laurel M. Lee,R,FL,H,118,119,17
B000825,Lauren Boebert,R,CO,H,117,119,26
U000040,Lauren Underwood,D,IL,H,116,119,62
Z000017,Lee M. Zeldin,R,NY,H,114,117,112
L000567,Leonard Lance,R,NJ,H,111,115,171
S001156,Linda T. Sánchez,D,CA,H,115,119,29
G000359,Lindsey Graham,R,SC,S,107,119,1573
B001303,Lisa Blunt Rochester,D,DE,S,115,119,43
M001136,Lisa C. McClain,R,MI,H,117,119,120
M001153,Lisa Murkowski,R,AK,S,108,119,1710
C001109,Liz Cheney,R,WY,H,115,117,86
F000468,Lizzie Fletcher,D,TX,H,116,119,29
D000399,Lloyd Doggett,D,TX,H,107,119,894
S001199,Lloyd Smucker,R,PA,E,115,119,102
F000462,Lois Frankel,D,FL,H,113,119,196
C001135,Lori Chavez-DeRemer,R,OR,H,118,118,3
T000482,Lori Trahan,D,MA,H,116,119,38
B001269,Lou Barletta,R,PA,H,112,115,254
G000552,Louie Gohmert,R,TX,H,109,117,1938
S000480,Louise McIntosh Slaughter,D,NY,H,107,115,4141
R000486,Lucille Roybal-Allard,D,CA,E,107,117,314
M001208,Lucy McBath,D,GA,H,116,119,57
G000535,Luis V. Gutiérrez,D,IL,H,115,115,61
M001189,Luke Messer,R,IN,H,113,115,255
S001202,Luther Strange,R,AL,S,115,115,3
R000620,Luz M. Rivas,D,CA,H,119,119,18
J000290,Lynn Jenkins,R,KS,H,111,115,246
M001155,"MACK, CONNIE",R,FL,H,109,112,139
M001171,"MAFFEI, DANIEL",D,NY,H,111,113,56
M001164,"MAHONEY, TIM",D,FL,H,110,110,82
M001145,"MAJETTE, DENISE",D,GA,H,108,108,42
M000090,"MALONEY, JAMES",D,CT,H,107,107,25
M001138,"MANZULLO, DONALD",R,IL,H,107,112,496
M001172,"MARKEY, BETSY",D,CO,H,111,111,67
M001146,"MARSHALL, JAMES",D,GA,H,108,111,108
M001162,"MARTINEZ, MEL",R,FL,S,109,111,394
M000212,"MASCARA, FRANK",D,PA,H,107,107,12
M001173,"MASSA, ERIC",D,NY,H,111,111,30
M001142,"MATHESON, JIM",D,UT,H,107,113,328
M000249,"MATSUI, ROBERT",D,CA,H,107,108,239
M001192,"MCALLISTER, VANCE",R,LA,H,113,113,9
M000309,"MCCARTHY, CAROLYN",D,NY,H,107,113,557
M000316,"MCCARTHY, KAREN",D,MO,H,107,108,119
M001147,"MCCOTTER, THADDEUS",R,MI,H,108,112,339
M000388,"MCCRERY, JAMES",R,LA,H,107,110,534
M000404,"MCDERMOTT, JIM",D,WA,H,107,114,1780
M000472,"MCHUGH, JOHN",R,NY,H,107,111,254
M000477,"MCINNIS, SCOTT",R,CO,H,107,108,193
M000485,"MCINTYRE, MIKE",D,NC,H,107,113,153
M000508,"MCKEON, HOWARD",R,CA,H,107,113,1855
M000523,"MCKINNEY, CYNTHIA",D,GA,H,107,109,113
M001174,"MCMAHON, MICHAEL",D,NY,H,111,111,122
M000590,"MCNULTY, MICHAEL",D,NY,H,107,110,268
M000627,"MEEHAN, MARTIN",D,MA,H,107,110,178
M000628,"MEEK, CARRIE",D,FL,H,107,107,89
M001148,"MEEK, KENDRICK",D,FL,H,108,111,1760
M001161,"MELANCON, CHARLES",D,LA,H,109,111,129
M000689,"MICA, JOHN",R,FL,H,107,114,1305
M001149,"MICHAUD, MICHAEL",D,ME,H,108,113,551
M000702,"MIKULSKI, BARBARA",D,MD,S,107,114,2707
M000714,"MILLENDER-MCDONALD, JUANITA",D,CA,H,107,110,478
M001150,"MILLER, CANDICE",R,MI,H,108,114,810
M000720,"MILLER, DAN",R,FL,H,107,107,31
M001139,"MILLER, GARY",R,CA,H,107,113,295
M000725,"MILLER, GEORGE",D,CA,H,107,113,2624
M001144,"MILLER, JEFF",R,FL,H,107,114,845
M001154,"MILLER, R.",D,NC,H,108,112,200
M001141,"MILLER, ZELL",D,GA,S,107,108,158
M000797,"MINK, PATSY",D,HI,S,107,107,137
M001175,"MINNICK, WALTER",D,ID,H,111,111,47
M001167,"MITCHELL, HARRY",D,AZ,H,110,111,77
M000834,"MOAKLEY, JOHN",D,MA,H,107,107,50
M000844,"MOLLOHAN, ALAN",D,WV,H,107,111,561
M001140,"MOORE, DENNIS",D,KS,H,107,111,299
M000933,"MORAN, JAMES",D,VA,H,107,113,1345
M000941,"MORELLA, CONSTANCE",R,MD,H,107,107,297
M001182,"MULVANEY, MICK",R,SC,H,112,114,302
M001085,"MURKOWSKI, FRANK",R,AK,S,107,107,915
M001191,"MURPHY, PATRICK",D,FL,H,110,114,226
M001178,"MURPHY, SCOTT",D,NY,H,111,111,39
M001120,"MURTHA, JOHN",D,PA,H,107,111,404
M001152,"MUSGRAVE, MARILYN",R,CO,H,108,110,238
M001134,"MYRICK, SUE",R,NC,H,107,112,608
T000238,Mac Thornberry,R,TX,E,107,116,624
D000631,Madeleine Dean,D,PA,H,116,119,147
B001245,Madeleine Z. Bordallo,D,GU,E,108,115,1202
C001104,Madison Cawthorn,R,NC,H,117,117,30
G000604,Maggie Goodlander,D,NH,H,119,119,1
V000131,Marc A. Veasey,D,TX,H,113,119,293
F000455,Marcia L. Fudge,D,OH,H,110,116,445
R000595,Marco Rubio,R,FL,S,112,118,790
M001221,Marcus J. Molinaro,R,NY,E,118,118,40
K000009,Marcy Kaptur,D,OH,H,107,119,2467
H001076,Margaret Wood Hassan,D,NH,S,115,119,95
C000127,Maria Cantwell,D,WA,S,107,119,1583
S000168,Maria Elvira Salazar,R,FL,E,117,119,12
M001215,Mariannette Miller-Meeks,R,IA,H,117,119,207
G000600,Marie Gluesenkamp Perez,D,WA,H,118,119,22
N000192,Marie Newman,D,IL,H,117,117,14
S001159,Marilyn Strickland,D,WA,H,117,119,31
D000600,Mario Diaz-Balart,R,FL,H,108,119,621
G000596,Marjorie Taylor Greene,R,GA,H,117,119,52
A000379,Mark Alford,R,MO,H,118,119,63
M001233,Mark B. Messmer,R,IN,H,119,119,7
D000623,Mark DeSaulnier,D,CA,H,114,119,211
A000369,Mark E. Amodei,R,NV,H,112,118,73
G000590,Mark E. Green,R,TN,H,107,119,288
H001102,Mark Harris,R,NC,H,119,119,16
K000377,Mark Kelly,D,AZ,S,117,119,42
M001187,Mark Meadows,R,NC,H,113,116,257
P000607,Mark Pocan,D,WI,H,113,119,237
W000805,Mark R. Warner,D,VA,S,111,119,549
S000051,Mark Sanford,R,SC,H,113,115,108
T000472,Mark Takano,D,CA,H,113,119,546
W000819,Mark Walker,R,NC,H,114,116,188
M001190,Markwayne Mullin,R,OK,S,113,118,96
S001188,Marlin A. Stutzman,R,IN,H,111,119,193
B001243,Marsha Blackburn,R,TN,S,108,119,1592
M001197,Martha McSally,R,AZ,S,114,116,140
R000591,Martha Roby,R,AL,H,112,116,238
H001046,Martin Heinrich,D,NM,S,111,119,325
M001211,Mary E. Miller,R,IL,H,117,119,64
S001205,Mary Gay Scanlon,D,PA,H,115,119,142
P000619,Mary Sattler Peltola,D,AK,H,117,118,12
C001090,Matt Cartwright,D,PA,E,113,118,199
G000578,Matt Gaetz,R,FL,H,115,118,87
R000103,"Matthew M. Rosendale, Sr.",R,MT,H,117,118,36
M001222,Max L. Miller,R,OH,H,118,119,46
R000613,Max Rose,D,NY,H,116,116,37
D000635,Maxine Dexter,D,OR,H,119,119,28
W000187,Maxine Waters,D,CA,H,107,119,1994
F000476,Maxwell Frost,D,FL,H,118,119,47
F000473,Mayra Flores,R,TX,E,117,117,2
H001042,Mazie K. Hirono,D,HI,S,110,119,730
S001218,Melanie A. Stansbury,D,NM,H,117,119,66
L000584,Mia B. Love,R,UT,H,114,115,20
R000619,Michael A. Rulli,R,OH,E,118,119,10
E000285,Michael B. Enzi,R,WY,S,107,116,2457
B001322,Michael Baumgartner,R,WA,H,119,119,35
B001248,Michael C. Burgess,R,TX,E,108,118,1952
C001115,Michael Cloud,R,TX,H,115,119,59
C001037,Michael E. Capuano,D,MA,H,107,115,326
B001267,Michael F. Bennet,D,CO,S,111,119,625
D000482,Michael F. Doyle,D,PA,E,107,117,229
S001204,Michael F. Q. San Nicolas,D,GU,E,116,117,47
G000591,Michael Guest,R,MS,E,116,119,91
S001148,Michael K. Simpson,R,ID,E,107,119,978
L000599,Michael Lawler,R,NY,H,118,119,90
T000463,Michael R. Turner,R,OH,E,108,119,451
M001157,Michael T. McCaul,R,TX,E,109,119,569
W000823,Michael Waltz,R,FL,H,116,118,18
F000470,Michelle Fischbach,R,MN,H,117,119,48
L000580,Michelle Lujan Grisham,D,NM,H,113,115,146
S001135,Michelle Steel,R,CA,H,117,118,49
B001293,Mike Bishop,R,MI,H,114,115,70
B001295,Mike Bost,R,IL,H,114,119,207
B001310,Mike Braun,R,IN,S,116,118,31
C001126,Mike Carey,R,OH,H,117,119,15
C001077,Mike Coffman,R,CO,H,111,115,309
C001129,Mike Collins,R,GA,E,118,119,42
C000880,Mike Crapo,R,ID,S,107,119,1037
E000235,Mike Ezell,R,MS,H,118,119,33
F000474,Mike Flood,R,NE,H,117,119,54
G000579,Mike Gallagher,R,WI,E,115,118,60
G000061,Mike Garcia,R,CA,H,116,118,33
H001099,Mike Haridopolos,R,FL,H,119,119,54
J000299,Mike Johnson,R,LA,H,115,118,93
K000376,Mike Kelly,R,PA,H,112,119,281
K000403,Mike Kennedy,R,UT,H,119,119,18
L000577,Mike Lee,R,UT,S,113,119,636
L000593,Mike Levin,D,CA,H,116,119,61
Q000023,Mike Quigley,D,IL,H,111,119,427
R000575,Mike Rogers,R,AL,E,115,119,63
R000605,Mike Rounds,R,SD,S,114,119,172
T000460,Mike Thompson,D,CA,H,107,119,630
S001207,Mikie Sherrill,D,NJ,E,116,119,40
W000820,Mimi Walters,R,CA,H,114,115,62
M000355,Mitch McConnell,R,KY,S,107,119,14709
R000615,Mitt Romney,R,UT,S,116,117,25
B001274,Mo Brooks,R,AL,H,112,117,189
J000306,Mondaire Jones,D,NY,H,117,117,5
D000594,Monica De La Cruz,R,TX,H,118,119,57
L000603,Morgan Luttrell,R,TX,H,118,119,21
M001220,Morgan McGarvey,D,KY,H,118,119,38
N000187,"NEGRETE MCLEOD, GLORIA",D,CA,H,113,113,20
N000180,"NELSON, BEN",D,NE,S,107,112,637
N000051,"NETHERCUTT, GEORGE",R,WA,H,107,108,121
N000182,"NEUGEBAUER, RANDY",R,TX,H,108,114,655
N000081,"NEY, ROBERT",R,OH,H,107,109,608
N000102,"NICKLES, DON",R,OK,S,107,108,2519
N000143,"NORTHUP, ANNE",R,KY,H,107,109,90
N000159,"NORWOOD, CHARLES",R,GA,H,107,110,282
N000185,"NUGENT, RICHARD",R,FL,H,112,114,543
N000186,"NUNNELEE, ALAN",R,MS,H,112,113,86
N000172,"NUSSLE, JAMES",R,IA,H,107,109,886
N000183,"NYE, GLENN",D,VA,H,111,111,45
M000194,Nancy Mace,R,SC,H,117,119,43
P000197,Nancy Pelosi,D,CA,H,107,119,1463
B001300,Nanette Diaz Barragán,D,CA,H,115,119,100
M001224,Nathaniel Moran,R,TX,H,118,119,36
D000628,Neal P. Dunn,R,FL,H,115,119,79
P000621,Nellie Pou,D,NJ,H,119,119,4
L000600,Nicholas A. Langworthy,R,NY,H,118,119,74
B001323,Nicholas J. Begich III,R,AK,H,119,119,2
L000598,Nick LaLota,R,NY,H,118,119,24
M000317,Nicole Malliotakis,R,NY,H,117,119,43
W000788,Nikema Williams,D,GA,H,117,119,24
T000465,Niki Tsongas,D,MA,H,110,115,261
B001315,Nikki Budzinski,D,IL,H,118,119,34
L000480,Nita M. Lowey,D,NY,H,107,116,1211
T000474,Norma J. Torres,D,CA,H,114,119,100
V000081,Nydia M. Velázquez,D,NY,H,115,119,98
O000167,"OBAMA, BARACK",D,IL,S,109,110,506
O000006,"OBERSTAR, JAMES",D,MN,H,107,111,2277
O000007,"OBEY, DAVID",D,WI,H,107,111,3630
O000085,"OLVER, JOHN",D,MA,H,107,112,775
O000107,"ORTIZ, SOLOMON",D,TX,H,107,111,222
O000165,"OSBORNE, THOMAS",R,NE,H,107,109,437
O000164,"OSE, DOUG",R,CA,H,107,108,277
O000166,"OTTER, C.L.",R,ID,H,107,109,201
O000159,"OWENS, MAJOR",D,NY,H,107,109,331
O000169,"OWENS, WILLIAM",D,NY,H,111,113,68
O000163,"OXLEY, MICHAEL",R,OH,H,107,109,855
H000338,Orrin G. Hatch,R,UT,S,107,115,4802
P000099,"PASTOR, ED",D,AZ,H,107,113,378
P000583,"PAUL, RONALD",R,TX,H,107,112,613
P000587,"PENCE, MIKE",R,IN,H,107,112,1172
P000600,"PERRIELLO, THOMAS",D,VA,H,111,111,101
P000263,"PETERSON, JOHN",R,PA,H,107,110,371
P000265,"PETRI, THOMAS",R,WI,H,107,113,671
P000584,"PHELPS, DAVID",D,IL,H,107,107,41
P000323,"PICKERING, CHARLES",R,MS,H,107,110,102
P000596,"PIERLUISI, PEDRO",D,PR,H,111,114,154
P000373,"PITTS, JOSEPH",R,PA,H,107,114,1371
P000585,"PLATTS, TODD",R,PA,H,107,112,354
P000419,"POMBO, RICHARD",R,CA,H,107,109,464
P000422,"POMEROY, EARL",D,ND,H,107,111,476
P000602,"POMPEO, MIKE",R,KS,H,112,114,182
P000589,"PORTER, JON",R,NV,H,108,110,292
P000555,"PRYCE, DEBORAH",R,OH,H,107,110,492
P000590,"PRYOR, MARK",D,AR,S,108,113,1090
P000586,"PUTNAM, ADAM",R,FL,H,107,111,643
H001103,Pablo José Hernández,D,PR,H,119,119,20
F000246,Pat Fallon,R,TX,H,117,119,62
H001101,Pat Harrigan,R,NC,H,119,119,4
R000307,Pat Roberts,R,KS,S,107,116,1033
L000174,Patrick J. Leahy,D,VT,S,107,117,7580
T000462,Patrick J. Tiberi,R,OH,H,107,115,300
T000461,Patrick J. Toomey,R,PA,S,107,117,604
M001181,Patrick Meehan,R,PA,H,112,115,199
R000579,Patrick Ryan,D,NY,H,117,119,32
M001156,Patrick T. McHenry,R,NC,H,109,118,713
M001111,Patty Murray,D,WA,S,107,119,4193
G000565,Paul A. Gosar,R,AZ,H,112,119,663
C001094,Paul Cook,R,CA,E,113,116,59
R000570,Paul D. Ryan,R,WI,H,107,115,1752
M001201,Paul Mitchell,R,MI,H,115,116,59
T000469,Paul Tonko,D,NY,H,111,119,1233
A000371,Pete Aguilar,D,CA,H,114,119,104
O000168,Pete Olson,R,TX,H,111,116,476
R000618,Pete Ricketts,R,NE,S,118,119,21
S000250,Pete Sessions,R,TX,H,107,119,3124
S001212,Pete Stauber,R,MN,H,116,119,86
D000191,Peter A. DeFazio,D,OR,E,107,117,2173
R000580,Peter J. Roskam,R,IL,E,110,115,422
V000108,Peter J. Visclosky,D,IN,E,107,116,1241
M001186,Peter Meijer,R,MI,H,117,117,3
K000210,Peter T. King,R,NY,H,107,116,653
W000800,Peter Welch,D,VT,S,110,119,1051
J000298,Pramila Jayapal,D,WA,H,115,119,76
Q000024,"QUAYLE, BEN",R,AZ,H,112,112,52
Q000016,"QUINN, JACK",R,NY,H,107,108,67
R000004,"RADANOVICH, GEORGE",R,CA,H,107,111,498
R000596,"RADEL, TREY",R,FL,H,113,113,30
R000011,"RAHALL, NICK",D,WV,H,107,113,1801
R000033,"RAMSTAD, JAMES",R,MN,H,107,110,168
R000053,"RANGEL, CHARLES",D,NY,H,107,114,1850
R000141,"REGULA, RALPH",R,OH,H,107,110,678
R000571,"REHBERG, DENNIS",R,MT,H,107,112,265
R000146,"REID, HARRY",D,NV,S,107,114,36868
R000574,"RENZI, RICK",R,AZ,H,108,110,431
R000170,"REYES, SILVESTRE",D,TX,H,107,112,717
R000569,"REYNOLDS, THOMAS",R,NY,H,107,110,767
R000587,"RIBBLE, REID",R,WI,H,112,114,97
R000581,"RICHARDSON, LAURA",D,CA,H,110,112,319
R000589,"RIGELL, EDWARD",R,VA,H,112,114,96
R000258,"RILEY, BOB",R,AL,H,107,107,24
R000590,"RIVERA, DAVID",R,FL,H,112,112,30
R000281,"RIVERS, LYNN",D,MI,H,107,107,35
R000361,"ROCKEFELLER, JOHN",D,WV,S,107,113,1638
R000568,"RODRIGUEZ, CIRO",D,TX,H,107,111,396
R000385,"ROEMER, TIMOTHY",D,IN,H,107,107,161
R000572,"ROGERS, MIKE",R,MI,H,107,114,852
R000573,"ROSS, MIKE",D,AR,H,107,112,497
R000462,"ROTHMAN, STEVEN",D,NJ,H,107,112,188
R000465,"ROUKEMA, MARGE",R,NJ,H,107,107,65
R000594,"RUNYAN, JON",R,NJ,H,112,113,94
R000566,"RYUN, JIM",R,KS,H,107,109,199
K000391,Raja Krishnamoorthi,D,IL,H,115,119,108
A000374,Ralph Lee Abraham,R,LA,H,114,116,118
N000190,Ralph Norman,R,SC,H,115,119,106
P000603,Rand Paul,R,KY,S,112,119,753
F000446,Randy Feenstra,R,IA,H,117,119,24
F000484,Randy Fine,R,FL,H,119,119,13
H001059,Randy Hultgren,R,IL,H,112,115,259
W000814,"Randy K. Weber, Sr.",R,TX,H,113,119,159
W000790,Raphael G. Warnock,D,GA,S,117,119,35
T000481,Rashida Tlaib,D,MI,H,116,119,326
R000599,Raul Ruiz,D,CA,H,113,119,201
G000551,Raúl M. Grijalva,D,AZ,H,115,118,66
L000573,Raúl R. Labrador,R,ID,E,112,115,57
B001277,Richard Blumenthal,D,CT,S,112,119,933
B001135,Richard Burr,R,NC,S,107,117,867
S000320,Richard C. Shelby,R,AL,S,107,117,850
N000015,Richard E. Neal,D,MA,E,107,119,617
H001067,Richard Hudson,R,NC,E,113,119,285
D000563,Richard J. Durbin,D,IL,S,107,119,14495
N000127,Richard M. Nolan,D,MN,E,113,115,152
M001218,Richard McCormick,R,GA,H,118,119,50
L000560,Rick Larsen,D,WA,E,107,119,339
S001217,Rick Scott,R,FL,S,116,119,92
A000372,Rick W. Allen,R,GA,E,114,119,197
M001235,Riley M. Moore,R,WV,H,119,119,3
T000486,Ritchie Torres,D,NY,E,117,119,40
K000389,Ro Khanna,D,CA,H,115,119,64
B001250,Rob Bishop,R,UT,H,108,116,1959
P000449,Rob Portman,R,OH,S,107,117,1072
W000810,Rob Woodall,R,GA,H,112,116,1202
B001227,Robert A. Brady,D,PA,E,107,115,414
A000055,Robert B. Aderholt,R,AL,H,107,119,525
S000185,"Robert C. ""Bobby"" Scott",D,VA,H,107,119,2089
L000566,Robert E. Latta,R,OH,H,110,119,374
O000177,"Robert F. Onder, Jr.",R,MO,H,119,119,6
G000598,Robert Garcia,D,CA,H,118,119,38
W000804,Robert J. Wittman,R,VA,H,110,119,412
M000639,Robert Menendez,D,NJ,S,107,118,2121
M001226,Robert Menendez,D,NJ,H,118,119,29
B001327,"Robert P. Bresnahan, Jr.",R,PA,H,119,119,10
C001070,"Robert P. Casey, Jr.",D,PA,S,110,118,1386
P000606,Robert Pittenger,R,NC,H,113,115,133
K000385,Robin L. Kelly,D,IL,H,113,119,316
B001294,Rod Blum,R,IA,E,114,115,88
D000619,Rodney Davis,R,IL,H,113,117,414
F000372,Rodney P. Frelinghuysen,R,NJ,H,107,115,1627
W000437,Roger F. Wicker,R,MS,S,107,119,784
M001198,Roger Marshall,R,KS,S,115,119,237
W000816,Roger Williams,R,TX,H,113,119,254
D000621,Ron DeSantis,R,FL,H,113,115,124
E000298,Ron Estes,R,KS,H,115,119,65
J000293,Ron Johnson,R,WI,S,112,119,272
K000188,Ron Kind,D,WI,E,107,117,881
W000827,Ron Wright,R,TX,H,116,116,10
W000779,Ron Wyden,D,OR,S,107,119,2752
J000304,Ronny Jackson,R,TX,H,117,119,18
D000216,Rosa L. DeLauro,D,CT,H,107,119,1351
S001210,Ross Spano,R,FL,H,116,116,99
B000575,Roy Blunt,R,MO,S,107,117,1602
G000574,Ruben Gallego,D,AZ,S,114,119,153
K000390,Ruben J. Kihuen,D,NV,H,115,115,69
Y000067,Rudy Yakym III,R,IN,H,118,119,42
F000469,Russ Fulcher,R,ID,H,116,119,40
F000478,Russell Fry,R,SC,H,118,119,40
C001106,Ryan A. Costello,R,PA,H,114,115,142
Z000018,Ryan K. Zinke,R,MT,H,114,118,73
M001230,Ryan Mackenzie,R,PA,H,119,119,5
S000005,"SABO, MARTIN",D,MN,H,107,109,375
S001158,"SALAZAR, JOHN",D,CO,H,109,111,169
S001163,"SALAZAR, KEN",D,CO,S,109,111,1042
S001167,"SALI, BILL",R,ID,H,110,110,126
S000018,"SALMON, MATT",R,AZ,H,113,114,61
S000030,"SANCHEZ, LORETTA",D,CA,H,107,114,1121
S000044,"SANDLIN, MAX",D,TX,H,107,108,191
S000059,"SANTORUM, RICHARD",R,PA,S,107,109,1471
S000064,"SARBANES, PAUL",D,MD,S,107,109,1486
S000094,"SAWYER, THOMAS",D,OH,H,107,107,28
S000097,"SAXTON, H.",R,NJ,H,107,110,251
S000106,"SCARBOROUGH, JOE",R,FL,H,107,107,22
S000112,"SCHAFFER, BOB",R,CO,H,107,107,173
S001178,"SCHAUER, MARK",D,MI,H,111,111,79
S001182,"SCHILLING, ROBERT",R,IL,H,112,112,26
S001164,"SCHMIDT, JEAN",R,OH,H,109,112,259
S001179,"SCHOCK, AARON",R,IL,H,111,114,124
S001151,"SCHROCK, EDWARD",R,VA,H,107,108,86
S001162,"SCHWARTZ, ALLYSON",D,PA,H,109,113,307
S001161,"SCHWARZ, JOHN",R,MI,H,109,109,26
S001141,"SESSIONS, JEFFERSON",R,AL,S,107,114,4881
S001169,"SESTAK, JOE",D,PA,H,110,111,145
S000275,"SHADEGG, JOHN",R,AZ,H,107,111,526
S000303,"SHAW, E.",R,FL,H,107,109,423
S001144,"SHAYS, CHRISTOPHER",R,CT,H,107,110,932
S001146,"SHERWOOD, DONALD",R,PA,H,107,109,30
S001147,"SHOWS, RONNIE",D,MS,H,107,107,68
S001171,"SHULER, HEATH",D,NC,H,110,112,84
S001152,"SIMMONS, ROBERT",R,CT,H,107,109,253
S000453,"SISISKY, NORMAN",D,VA,H,107,107,6
S000463,"SKEEN, JOSEPH",R,NM,H,107,107,136
S000465,"SKELTON, IKE",D,MO,H,107,111,1608
S001142,"SMITH, GORDON",R,OR,S,107,110,1561
S000597,"SMITH, NICK",R,MI,H,107,108,548
S000606,"SMITH, ROBERT",R,NH,S,107,107,475
S000663,"SNOWE, OLYMPIA",R,ME,S,107,112,1335
S000672,"SNYDER, VICTOR",D,AR,H,107,111,221
S001160,"SODREL, MICHAEL",R,IN,H,109,109,26
S001153,"SOLIS, HILDA",D,CA,H,107,110,636
S001143,"SOUDER, MARK",R,IN,H,107,111,739
S001186,"SOUTHERLAND, STEVE",R,FL,H,112,113,61
S001173,"SPACE, ZACHARY",D,OH,H,110,111,69
S000709,"SPECTER, ARLEN",D,PA,S,107,111,3970
S000718,"SPENCE, FLOYD",R,SC,H,107,107,4
S000749,"SPRATT, JOHN",D,SC,H,107,111,1606
S000810,"STARK, FORTNEY",D,CA,H,107,112,1012
S000822,"STEARNS, CLIFFORD",R,FL,H,107,112,980
S000851,"STENHOLM, CHARLES",D,TX,H,107,108,646
S000888,"STEVENS, TED",R,AK,S,107,110,4167
S000937,"STOCKMAN, STEVE",R,TX,H,113,113,31
S001004,"STRICKLAND, TED",D,OH,H,107,109,527
S001044,"STUMP, ROBERT",R,AZ,H,107,107,146
S001045,"STUPAK, BART",D,MI,H,107,111,617
S001155,"SULLIVAN, JOHN",R,OK,H,107,112,172
S001078,"SUNUNU, JOHN",R,NH,S,107,110,542
S001174,"SUTTON, BETTY",D,OH,H,110,112,564
S001149,"SWEENEY, JOHN",R,NY,H,107,109,172
C001112,Salud O. Carbajal,D,CA,H,115,119,87
G000546,Sam Graves,R,MO,H,107,119,466
J000174,Sam Johnson,R,TX,H,107,115,610
L000607,Sam T. Liccardo,D,CA,H,119,119,10
L000263,Sander M. Levin,D,MI,H,107,115,2552
B000490,"Sanford D. Bishop, Jr.",D,GA,E,107,119,548
J000305,Sara Jacobs,D,CA,H,117,118,35
E000301,Sarah Elfreth,D,MD,H,119,119,14
M001238,Sarah McBride,D,DE,H,119,119,23
D000616,Scott DesJarlais,R,TN,H,112,119,91
F000471,Scott Fitzgerald,R,WI,H,117,119,19
F000472,Scott Franklin,R,FL,E,117,119,18
P000608,Scott H. Peters,D,CA,H,113,119,224
P000605,Scott Perry,R,PA,H,113,119,333
T000470,Scott R. Tipton,R,CO,E,112,116,207
T000477,Scott Taylor,R,VA,H,115,115,13
C001117,Sean Casten,D,IL,H,116,119,75
D000614,Sean P. Duffy,R,WI,E,112,116,222
M001185,Sean Patrick Maloney,D,NY,H,113,116,96
M001223,Seth Magaziner,D,RI,H,118,119,95
M001196,Seth Moulton,D,MA,H,114,119,83
D000629,Sharice Davids,D,KS,E,116,119,32
C001127,Sheila Cherfilus-McCormick,D,FL,H,117,119,63
J000032,Sheila Jackson Lee,D,TX,H,107,118,6058
W000802,Sheldon Whitehouse,D,RI,S,110,119,2282
C001047,Shelley Moore Capito,R,WV,S,107,119,1040
B001325,Sheri Biggs,R,SC,H,119,119,7
B000944,Sherrod Brown,D,OH,S,107,118,3505
F000481,Shomari Figures,D,AL,H,119,119,10
B001313,Shontel M. Brown,D,OH,H,117,119,58
T000488,Shri Thanedar,D,MI,H,118,119,30
P000610,Stacey E. Plaskett,D,VI,H,114,119,232
H000874,Steny H. Hoyer,D,MD,H,107,119,5477
B000740,Stephanie I. Bice,R,OK,H,117,119,47
M001202,Stephanie N. Murphy,D,FL,H,115,117,46
L000562,Stephen F. Lynch,D,MA,H,107,119,943
K000387,Stephen Knight,R,CA,H,114,115,40
P000588,Stevan Pearce,R,NM,H,108,115,849
C000266,Steve Chabot,R,OH,H,107,117,869
C001068,Steve Cohen,D,TN,H,110,119,1229
D000618,Steve Daines,R,MT,S,113,119,570
K000362,Steve King,R,IA,H,108,116,2167
R000604,Steve Russell,R,OK,H,114,115,142
S001176,Steve Scalise,R,LA,H,110,119,631
S001187,Steve Stivers,R,OH,E,112,117,229
W000824,Steve Watkins,R,KS,H,116,116,20
W000809,Steve Womack,R,AR,H,112,119,196
H001066,Steven Horsford,D,NV,H,113,119,286
P000601,Steven M. Palazzo,R,MS,H,112,117,184
S001230,Suhas Subramanyam,D,VA,H,119,119,78
L000602,Summer L. Lee,D,PA,H,118,119,7
D000598,Susan A. Davis,D,CA,H,107,116,811
C001035,Susan M. Collins,R,ME,S,107,119,3170
B001284,Susan W. Brooks,R,IN,H,113,116,230
W000826,Susan Wild,D,PA,H,115,118,82
L000590,Susie Lee,D,NV,H,116,119,86
D000617,Suzan K. DelBene,D,WA,E,112,119,118
B001278,Suzanne Bonamici,D,OR,H,112,119,335
K000400,Sydney Kamlager-Dove,D,CA,H,118,119,41
T000489,Sylvester Turner,D,TX,H,119,119,4
G000587,Sylvia R. Garcia,D,TX,H,116,119,180
T000473,"TAKAI, MARK",D,HI,H,114,114,33
T000024,"TALENT, JAMES",R,MO,S,108,109,447
T000458,"TANCREDO, THOMAS",R,CO,H,107,110,508
T000038,"TANNER, JOHN",D,TN,H,107,111,346
T000057,"TAUSCHER, ELLEN",D,CA,H,107,111,338
T000058,"TAUZIN, WILLIAM",R,LA,H,107,108,787
T000067,"TAYLOR, CHARLES",R,NC,H,107,109,473
T000074,"TAYLOR, GENE",D,MS,H,107,111,380
T000466,"TEAGUE, HARRY",D,NM,H,111,111,71
T000459,"TERRY, LEE",R,NE,H,107,113,706
T000162,"THOMAS, CRAIG",R,WY,S,107,110,1002
T000188,"THOMAS, WILLIAM",R,CA,H,107,109,1345
T000457,"THOMPSON, FRED",R,TN,S,107,107,433
T000253,"THURMAN, KAREN",D,FL,H,107,107,115
T000254,"THURMOND, J.",R,SC,S,107,107,107
T000260,"TIAHRT, TODD",R,KS,H,107,111,544
T000266,"TIERNEY, JOHN",D,MA,H,107,113,486
C001124,TJ Cox,D,CA,H,116,116,34
T000317,"TORRICELLI, ROBERT",D,NJ,S,107,107,263
T000326,"TOWNS, EDOLPHUS",D,NY,H,107,112,443
T000350,"TRAFICANT, JAMES",D,OH,H,107,107,249
T000424,"TURNER, JAMES",D,TX,H,107,108,256
T000471,"TURNER, ROBERT",R,NY,H,112,112,25
B001230,Tammy Baldwin,D,WI,S,107,119,582
D000622,Tammy Duckworth,D,IL,S,113,119,141
B001305,Ted Budd,R,NC,S,115,119,112
C001098,Ted Cruz,R,TX,S,113,119,529
L000582,Ted Lieu,D,CA,H,114,119,152
P000592,Ted Poe,R,TX,H,109,115,2758
Y000065,Ted S. Yoho,R,FL,H,113,116,243
L000273,Teresa Leger Fernandez,D,NM,H,117,119,88
S001185,Terri A. Sewell,D,AL,H,112,119,328
C000567,Thad Cochran,R,MS,S,107,115,2186
D000610,Theodore E. Deutch,D,FL,H,111,117,328
T000476,Thom Tillis,R,NC,S,114,119,199
G000580,"Thomas A. Garrett, Jr.",R,VA,H,115,115,27
K000398,"Thomas H. Kean, Jr.",R,NJ,E,118,119,37
R000583,Thomas J. Rooney,R,FL,H,111,115,163
M001193,Thomas MacArthur,R,NJ,H,114,115,35
M001184,Thomas Massie,R,KY,E,112,119,214
T000165,Thomas P. Tiffany,R,WI,H,116,119,33
C000174,Thomas R. Carper,D,DE,S,107,118,1314
S001201,Thomas R. Suozzi,D,NY,E,115,119,52
B001309,Tim Burchett,R,TN,H,116,119,196
K000384,Tim Kaine,D,VA,S,113,119,427
M001236,Tim Moore,R,NC,H,119,119,17
M001151,Tim Murphy,R,PA,H,108,115,617
R000577,Tim Ryan,D,OH,E,108,117,2127
S001184,Tim Scott,R,SC,S,112,119,362
W000798,Tim Walberg,R,MI,H,110,119,486
W000799,Timothy J. Walz,D,MN,E,110,115,341
K000402,Timothy M. Kennedy,D,NY,H,118,119,124
S001203,Tina Smith,D,MN,S,115,119,80
R000592,Todd Rokita,R,IN,H,112,115,231
Y000064,Todd Young,R,IN,S,112,119,218
B001321,Tom Barrett,R,MI,H,119,119,10
C001053,Tom Cole,R,OK,H,108,119,1055
C001095,Tom Cotton,R,AR,S,113,119,316
E000294,Tom Emmer,R,MN,H,114,119,221
G000560,Tom Graves,R,GA,H,111,116,200
M001203,Tom Malinowski,D,NJ,H,116,117,50
M001179,Tom Marino,R,PA,H,112,115,192
M001177,Tom McClintock,R,CA,H,111,119,872
O000171,Tom O’Halleran,D,AZ,H,115,117,52
P000591,Tom Price,R,GA,E,109,115,1883
R000585,Tom Reed,R,NY,E,111,117,417
R000597,Tom Rice,R,SC,E,113,117,69
U000039,Tom Udall,D,NM,S,107,116,1098
T000278,Tommy Tuberville,R,AL,S,117,119,111
C001097,Tony Cárdenas,D,CA,H,115,118,74
G000594,Tony Gonzales,R,TX,E,117,119,20
W000829,Tony Wied,R,WI,H,118,119,25
M000871,Tracey Mann,R,KS,H,117,119,103
F000448,Trent Franks,R,AZ,H,108,115,623
K000388,Trent Kelly,R,MS,E,114,118,133
G000566,Trey Gowdy,R,SC,H,112,115,148
H001074,Trey Hollingsworth,R,IN,H,115,116,6
C001125,Troy A. Carter,D,LA,H,117,119,58
B001306,Troy Balderson,R,OH,H,116,118,21
D000634,Troy Downing,R,MT,H,119,119,17
N000026,Troy E. Nehls,R,TX,H,117,119,34
G000571,Tulsi Gabbard,D,HI,H,113,116,181
U000038,"UDALL, MARK",D,CO,S,107,113,1158
U000014,"UNDERWOOD, ROBERT",D,GU,H,107,107,122
V000127,"VITTER, DAVID",R,LA,S,107,114,1674
V000126,"VOINOVICH, GEORGE",R,OH,S,107,111,796
D000627,Val Butler Demings,D,FL,H,115,117,39
H001094,Val T. Hoyle,D,OR,H,118,119,21
F000477,Valerie P. Foushee,D,NC,H,118,119,11
T000479,Van Taylor,R,TX,E,116,117,50
B001260,Vern Buchanan,R,FL,H,110,119,104
E000299,Veronica Escobar,D,TX,H,116,119,46
G000581,Vicente Gonzalez,D,TX,H,115,119,64
H001053,Vicky Hartzler,R,MO,H,112,117,302
S000929,Victoria Spartz,R,IN,H,117,119,24
F000480,Vince Fong,R,CA,H,118,119,22
F000450,Virginia Foxx,R,NC,H,109,119,3070
S001214,W. Gregory Steube,R,FL,H,116,118,8
W000099,"WALSH, JAMES",R,NY,H,107,110,662
W000811,"WALSH, JOE",R,IL,H,112,112,35
W000818,"WALSH, JOHN",D,MT,H,113,113,69
W000119,"WAMP, ZACH",R,TN,H,107,111,335
W000154,"WARNER, JOHN",R,VA,S,107,110,6143
W000194,"WATKINS, WES",R,OK,H,107,107,40
W000794,"WATSON, DIANE",D,CA,H,107,111,881
W000207,"WATT, MELVIN",D,NC,H,107,113,681
W000210,"WATTS, J.C.",R,OK,S,107,107,98
W000215,"WAXMAN, HENRY",D,CA,H,107,113,1771
W000803,"WEBB, JIM",D,VA,S,110,112,431
W000792,"WEINER, ANTHONY",D,NY,H,107,112,652
W000267,"WELDON, DAVID",R,FL,H,107,110,427
W000268,"WELDON, W.",R,PA,H,107,109,270
W000273,"WELLER, GERALD",R,IL,H,107,110,489
W000288,"WELLSTONE, PAUL",D,MN,S,107,107,1160
W000807,"WEST, ALLEN",R,FL,H,112,112,75
W000796,"WESTMORELAND, LYNN",R,GA,H,109,114,876
W000314,"WEXLER, ROBERT",D,FL,H,107,111,130
W000413,"WHITFIELD, ED",R,KY,H,107,114,931
W000801,"WILSON, CHARLES",D,OH,H,110,111,111
W000789,"WILSON, HEATHER",R,NM,H,107,110,403
W000672,"WOLF, FRANK",R,VA,H,107,113,1971
W000738,"WOOLSEY, LYNN",D,CA,H,107,112,1900
W000793,"WU, DAVID",D,OR,S,108,112,7
W000784,"WYNN, ALBERT",D,MD,H,107,110,184
D000626,Warren Davidson,R,OH,H,114,119,47
B001324,Wesley Bell,D,MO,H,119,119,22
H001095,Wesley Hunt,R,TX,H,118,118,7
N000194,Wiley Nickel,D,NC,H,118,118,53
H001073,Will Hurd,R,TX,H,114,116,111
K000375,William R. Keating,D,MA,E,112,119,197
T000480,William R. Timmons IV,R,SC,E,116,119,16
C001049,Wm. Lacy Clay,D,MO,H,107,116,693
T000484,Xochitl Torres Small,D,NM,H,116,116,25
Y000031,"YOUNG, C.",R,FL,H,107,113,1781
C001134,Yadira Caraveo,D,CO,E,118,118,3
A000381,Yassamin Ansari,D,AZ,H,119,119,18
K000397,Young Kim,R,CA,H,117,119,93
C001067,Yvette D. Clarke,D,NY,H,110,119,353
H001084,Yvette Herrell,R,NM,H,117,117,17
N000193,Zachary Nunn,R,IA,H,118,119,31
L000397,Zoe Lofgren,D,CA,H,107,119,1016
